name,park,city,state,country,region,construction,type,year_opened,height_feet,speed_mph,length_feet,number_of_inversions,drop_feet,g_force,vertical_angle_degrees,duration_sec
10 Inversion Roller Coaster,Chimelong Paradise,Panyu,"Guangzhou, Guangdong",China,Asia,Steel,Sit Down,2006,98.4,45,2788.8,10,NA,NA,NA,5520
Abismo,Parque de Atracciones de Madrid,Madrid,Madrid,Spain,Europe,Steel,Sit Down,2006,151.6,65.2,1476.4,2,NA,4,NA,3600
Adrenaline Peak,Oaks Amusement Park,Portland,Oregon,United States,North America,Steel,Sit Down,2018,72,45,1050,3,NA,NA,97,NA
Afterburn,Carowinds,Charlotte,North Carolina,United States,North America,Steel,Inverted,1999,113,62,2956,6,NA,NA,NA,10020
Alpengeist,Busch Gardens Williamsburg,Williamsburg,Virginia,United States,North America,Steel,Inverted,1997,195,67,3828,6,170,3.7,NA,11400
Alpina Blitz,Nigloland,Dolancourt,Champagne-Ardenne,France,Europe,Steel,Sit Down,2014,108.3,51.6,2358.9,0,NA,4.3,NA,NA
Altair,Cinecittà World,Rome,Rome,Italy,Europe,Steel,Sit Down,2014,108.3,52.8,2879.8,10,NA,NA,NA,NA
American Eagle,Six Flags Great America,Gurnee,Illinois,United States,North America,Wood,Sit Down,1981,127,66,4650,0,147,NA,55,8580
Anaconda,Walygator Parc,Maizieres-les-Metz,Lorraine,France,Europe,Wood,Sit Down,1989,118.1,55.9,3937,0,40,NA,NA,7800
Apocalypse,Six Flags America,Upper Marlboro,Maryland,United States,North America,Steel,Stand Up,2012,100,55,2900,2,90,NA,NA,7200
Apocalypse the Ride,Six Flags Magic Mountain,Valencia,California,United States,North America,Wood,Sit Down,2009,95,50.1,2877,0,87.3,NA,NA,10800
Apollo's Chariot,Busch Gardens Williamsburg,Williamsburg,Virginia,United States,North America,Steel,Sit Down,1999,170,73,4882,0,210,4.1,65,8100
Atlantica SuperSplash,Europa Park,Rust,Baden Wuerttemberg,Germany,Europe,Steel,Sit Down,2005,98.4,49.7,1279.5,0,NA,NA,NA,12e3
Backlot Stunt Coaster,Kings Island,Kings Mills,Ohio,United States,North America,Steel,Sit Down,2005,45.2,40,1960,0,31.2,NA,NA,3840
Balder,Liseberg,Gothenburg,Vastra Gotaland,Sweden,Europe,Wood,Sit Down,2003,118.1,55.9,3510.5,0,NA,NA,70,7680
Bandit,Movie Park Germany,Bottrop,North Rhine-Westphali,Germany,Europe,Wood,Sit Down,1999,91.2,49.7,3605.7,0,81.7,NA,NA,5400
Banshee,Kings Island,Mason,Ohio,United States,North America,Steel,Inverted,2014,167,68,4124,7,150,NA,NA,9600
Bat,Kings Island,Kings Mills,Ohio,United States,North America,Steel,Suspended,1993,78,51,2352,0,NA,NA,NA,6720
Batman - The Dark Knight,Six Flags New England,Agawam,Massachusetts,United States,North America,Steel,Sit Down,2002,117.8,55,2600,5,NA,NA,NA,8400
Batman The Ride,Six Flags Great America,Gurnee,Illinois,United States,North America,Steel,Inverted,1992,100,50,2700,5,NA,NA,NA,7200
Batman The Ride,Six Flags Great Adventure,Jackson,New Jersey,United States,North America,Steel,Inverted,1993,105,50,2693,5,NA,NA,NA,5400
Batman The Ride,Six Flags Magic Mountain,Valencia,California,United States,North America,Steel,Inverted,1994,105,50,2700,5,NA,4,NA,7200
Batman The Ride,Six Flags St. Louis,Eureka,Missouri,United States,North America,Steel,Inverted,1995,105,50,2693,5,NA,4,NA,7200
Batman The Ride,Six Flags Over Texas,Arlington,Texas,United States,North America,Steel,Inverted,1999,105,50,2700,5,NA,4,NA,7200
Batman the Ride,Six Flags Mexico,Mexico City,Mexico City,Mexico,Central America,Steel,Inverted,2000,109.3,49.7,2260.5,5,NA,NA,NA,5760
Batman: Arkham Asylum,Parque Warner Madrid,San Martin de la Vega,Madrid,Spain,Europe,Steel,Inverted,2002,105,49.7,2700.2,5,NA,4.9,NA,4500
Batwing,Six Flags America,Upper Marlboro,Maryland,United States,North America,Steel,Flying,2001,115,50,3340,5,NA,4.3,NA,7320
Beast,Kings Island,Mason,Ohio,United States,North America,Wood,Sit Down,1979,110,64.8,7359,0,141,NA,45,15e3
Behemoth,Canada's Wonderland,Vaughan,Onterio,Canada,North America,Steel,Sit Down,2008,230,77,5318,0,NA,NA,75,NA
Big Apple Coaster,"New York, New York Hotel & Casino",Las Vegas,Nevada,United States,North America,Steel,Sit Down,1997,203,67,4777,2,144,NA,NA,9600
Big Loop,Heide-Park Resort,Soltau,Lower Saxony,Germany,Europe,Steel,Sit Down,1983,98.4,39.2,2316.3,4,NA,NA,NA,NA
Big One,Blackpool Pleasure Beach,Blackpool,"Lancashire, England",United Kingdom,Europe,Steel,Sit Down,1994,213,74,5497,0,205,3.5,65,10800
Big Thunder Mountain,Disneyland Resort Paris,Marne la Vallee,Ile-de-France,France,Europe,Steel,Sit Down,1992,72.2,40.4,4921.3,0,39.3,NA,NA,14160
Big Thunder Mountain Railroad,Disneyland,Anaheim,California,United States,North America,Steel,Sit Down,1979,104,28,2671,0,NA,NA,NA,10800
Bizarro,Six Flags Great Adventure,Jackson,New Jersey,United States,North America,Steel,Sit Down,1999,142,61,3985,7,NA,NA,NA,8400
Black Mamba,Phantasialand,Bruhl,North Rhine-Westphalia,Germany,Europe,Steel,Inverted,2006,85.3,49.7,2519.7,4,88.6,4,NA,NA
blue fire Megacoaster,Europa Park,Rust,Baden Wuerttemberg,Germany,Europe,Steel,Sit Down,2009,124.7,62.1,3464.5,4,NA,3.8,NA,9e3
Blue Hawk,Six Flags Over Georgia,Austell,Georgia,United States,North America,Steel,Sit Down,1992,122,52,2742,5,NA,NA,NA,4800
Blue Streak,Cedar Point,Sandusky,Ohio,United States,North America,Wood,Sit Down,1964,78,40,2558,0,72,NA,NA,6300
Boardwalk Bullet,Kemah Boardwalk,Kemah,Texas,United States,North America,Wood,Sit Down,2007,96,51,3236,0,92,NA,56,NA
Bocaraca,Parque de Diversiones,La Uruca,San Jose,Costa Rica,Central America,Steel,Sit Down,2005,64,37.3,1148.3,2,NA,NA,NA,NA
Boomerang,Six Flags Mexico,Mexico City,Mexico City,Mexico,Central America,Steel,Sit Down,1988,116.5,47,935,3,NA,5.2,NA,6480
Boomerang,Walibi Rhone-Alpes,Les Avenieres,Auvergne-Rhone-Alpes,France,Europe,Steel,Sit Down,1988,116.5,47,935,3,NA,5.2,NA,6480
Boomerang,Fantasilandia,Santiago,Metropolitan Region,Chile,South America,Steel,Sit Down,1996,116.5,47,935,3,NA,5.2,NA,6480
Boomerang,Parque de la Costa,Tigre,Buenos Aires,Argentina,South America,Steel,Sit Down,1998,116.5,47,935,3,NA,5.2,NA,6480
Boomerang,Elitch Gardens,Denver,Colorado,United States,North America,Steel,Sit Down,1999,116.5,47,935,3,NA,5.2,NA,6480
Boomerang,Six Flags Fiesta Texas,San Antonio,Texas,United States,North America,Steel,Sit Down,1999,116.5,47,935,3,NA,5.2,NA,6480
Boomerang,Freizeit-Land Geiselwind,Geiselwind,Bavaria,Germany,Europe,Steel,Sit Down,2000,116.5,47,935,3,NA,5.2,NA,6480
Boomerang,Worlds of Fun,Kansas City,Missouri,United States,North America,Steel,Sit Down,2000,116.5,47,935,3,NA,5.2,NA,6480
Boomerang,Six Flags St. Louis,Eureka,Missouri,United States,North America,Steel,Sit Down,2013,116.5,47,935,3,NA,5.2,NA,6480
Boomerang Coast to Coaster,Six Flags Discovery Kingdom,Vallejo,California,United States,North America,Steel,Sit Down,1998,116.5,47,935,3,NA,5.2,NA,6480
Boss,Six Flags St. Louis,Eureka,Missouri,United States,North America,Wood,Sit Down,2000,122,66.3,4631,0,150,NA,52,NA
Boulder Dash,Lake Compounce,Bristol,Connecticut,United States,North America,Wood,Sit Down,2000,110,60,4725,0,115,NA,59,9e3
Bullet Coaster,Happy Valley,Nanshan,"Shenzhen, Guanagdong",China,Asia,Steel,Sit Down,2012,196.8,83,NA,0,221.2,5.2,NA,NA
Cannibal,Lagoon,Farmington,Utah,United States,North America,Steel,Sit Down,2015,208,70,2735,4,NA,NA,116,9e3
Cedar Creek Mine Ride,Cedar Point,Sandusky,Ohio,United States,North America,Steel,Steel,1969,48,42,2540,0,NA,NA,NA,9720
Coaster Express,Parque Warner Madrid,San Martin de la Vega,Madrid,Spain,Europe,Wood,Sit Down,2002,120,49.7,4574,0,120,NA,NA,7200
Coaster Thrill Ride,Puyallup Fair,Puyallup,Washington,United States,North America,Wood,Sit Down,1935,55,50,2650,0,NA,NA,NA,6300
Coaster Through the Clouds,Nanchang Wanda Theme Park,Xinjian,"Nanchang, Jiangxi",China,Asia,Steel,Sit Down,2016,242.8,84.5,5105,0,255.9,NA,NA,15120
Colorado Adventure,Phantasialand,Bruhl,North Rhine-Westphalia,Germany,Europe,Steel,Sit Down,1996,85.3,31.1,4199.5,0,NA,NA,NA,10500
Colossus,Thorpe Park,Chertsey,"Surrey, England",United Kingdom,Europe,Steel,Sit Down,2002,98.4,45,2788.8,10,NA,NA,NA,5520
Comet,Walygator Parc,Maizieres-les-Metz,Lorraine,France,Europe,Steel,Sit Down,1989,78.7,40.4,1935.7,3,NA,NA,NA,4500
Corkscrew,Cedar Point,Sandusky,Ohio,United States,North America,Steel,Steel,1976,85,48,2050,3,NA,NA,NA,7200
Corkscrew,Valleyfair!,Shakopee,Minnesota,United States,North America,Steel,Sit Down,2005,85,50,1950,3,NA,NA,NA,5400
Crazy Bird,Happy Valley,Dongli,Tianjin,China,Asia,Steel,Sit Down,2013,98.4,NA,1279.5,2,98,NA,120,NA
Crazy Coaster,Loca Joy Holiday Theme Park,Yongchuan,Chongqing,China,Asia,Steel,Sit Down,2013,108.3,52.8,2870.8,10,NA,NA,NA,NA
Cyclone,Lakeside Amusement Park,Denver,Colorado,United States,North America,Wood,Sit Down,1940,80,55,2800,0,80,NA,50,7200
Demon,California's Great America,Santa Clara,California,United States,North America,Steel,Sit Down,1976,102,50,2130,4,90,NA,54,6300
Demon,Six Flags Great America,Gurnee,Illinois,United States,North America,Steel,Sit Down,1976,103.7,50,2130,4,90,NA,54,6300
Desafio,Parque de la Costa,Tigre,Buenos Aires,Argentina,South America,Steel,Inverted,1999,109.3,49.7,2260.5,5,NA,NA,NA,5760
Desert Race,Heide-Park Soltau,Soltau,Lower Saxony,Germany,Europe,Steel,Sit Down,2007,62.3,62.1,2132.6,0,NA,NA,NA,2940
Desperado,Buffalo Bill's Resort & Casino,Primm,Nevada,United States,North America,Steel,Sit Down,2005,209,80,5843,0,225,4,60,9780
Diamondback,Kings Island,Kings Mills,Ohio,United States,North America,Steel,Sit Down,2009,230,80,5282,0,215,NA,NA,10800
Dinoconda,China Dinosaurs Park,Xinbei,"Changzhou, Jiangsu",China,Asia,Steel,Wing,2012,226.4,78.3,3444.9,3,NA,NA,NA,NA
Do-Dodonpa,Fuji-Q Highland,Fujiyoshida,Yamanashi,Japan,Asia,Steel,Sit Down,2001,160.8,111.8,4081.3,1,NA,NA,NA,NA
Doble Loop,Salitre Magico,Bogota,Cundinamarca,Colombia,South America,Steel,Sit Down,2004,59.1,56,2822,2,NA,NA,NA,NA
Dragon Khan,PortAventura Park,Salou,Tarragona,Spain,Europe,Steel,Sit Down,1995,148,65,4165,8,161,NA,NA,6300
Dragon Mountain,Marineland Theme Park,Niagra Falls,Ontario,Canada,North America,Steel,Sit Down,1993,186,50,5500,4,NA,NA,NA,12600
Dragon's Run,Dragon Park,Ha Long,Quang Ninh,Vietnam,Asia,Steel,Sit Down,2017,150,65,3738,6,NA,NA,NA,NA
Eejanaika,Fuji-Q Highland,Fujiyoshida,Yamanashi,Japan,Asia,Steel,Wing,2006,249.3,78.3,3782.8,3,NA,NA,NA,7800
El Toro,Six Flags Great Adventure,Jackson,New Jersey,United States,North America,Wood,Sit Down,2006,181,70,4400,0,176,NA,76,6120
El Toro,Freizeitpark Plohn,Lengenfeld,Saxony,Germany,Europe,Wood,Sit Down,2009,80.5,45.6,2379,0,NA,NA,NA,NA
Eurosat Can Can Coaster,Europa Park,Rust,Baden Wuerttemberg,Germany,Europe,Steel,Sit Down,1989,83.7,37.3,3024.8,0,NA,4,NA,11880
Expedition GeForce,Holiday Park,Hassloch,Rhineland-Palatinate,Germany,Europe,Steel,Sit Down,2001,173.9,74.6,4002.6,0,NA,4.5,82,4500
Extreme Rusher,Happy Valley,Chaoyang,Beijing,China,Asia,Steel,Sit Down,2011,170.6,83,2788.8,0,196.8,NA,NA,NA
Fahrenheit,Hersheypark,Hershey,Pennsylvania,United States,North America,Steel,Sit Down,2008,121,58,2700,6,NA,NA,97,5100
Firehawk,Kings Island,Kings Mills,Ohio,United States,North America,Steel,Flying,2007,115,50,3340,5,NA,4.3,NA,7800
Firewhip,Beto Carrero World,Penha,Santa Catarina,Brazil,South America,Steel,Inverted,2008,109.3,49.7,2260.5,5,NA,NA,NA,5760
Flash,Lewa Adventure,Jingyang,"Xianyang,Shaanxi",China,Asia,Steel,Sit Down,2016,200.2,71.5,4176.5,2,190.3,4.2,NA,7680
Flashback,Six Flags New England,Agawam,Massachusetts,United States,North America,Steel,Sit Down,2000,116.5,47,935,3,NA,5.2,NA,6480
Flight Deck,California's Great America,Santa Clara,California,United States,North America,Steel,Inverted,1993,102,50,2260,3,91,NA,NA,8760
Flight Deck,Canada's Wonderland,Vaughan,Onterio,Canada,North America,Steel,Inverted,1995,109.3,49.7,2260.5,5,NA,NA,NA,5280
Flight of Fear,Kings Dominion,Doswell,Virginia,United States,North America,Steel,Sit Down,1996,74.2,54,2705,4,NA,4.5,NA,8640
Flight of Fear,Kings Island,Kings Mills,Ohio,United States,North America,Steel,Sit Down,1996,74.2,54,2705,4,NA,4.5,NA,3600
Flight of the Phoenix,Harborland,Beilun,"Ningbo, Shejiang",China,Asia,Steel,Sit Down,2006,101.7,49.7,2723.1,8,NA,NA,NA,NA
Fluch von Novgorod,Hansa Park,Sierksdorf,Schleswig-Holstein,Germany,Europe,Steel,Sit Down,2009,131.3,62.1,2296.6,1,NA,NA,97,NA
Fly the Great Nor'Easter,Morey's Piers,Wildwood,New Jersey,United States,North America,Steel,Inverted,1995,115,55,2170,5,NA,NA,NA,7500
Flying Aces,Ferrari World Abu Dhabi,Abu Dhabi,Abu Dhabi,United Arab Emirates,Middle East,Steel,Sit Down,2016,206.7,74.6,4921.3,1,NA,5,NA,NA
Force One,Schwaben Park,Kaisersbach,Baden Wuerttemberg,Germany,Europe,Steel,Sit Down,2010,72.2,40.4,1738.8,0,NA,3.7,NA,2280
Formula Rossa,Ferrari World Abu Dhabi,Abu Dhabi,Abu Dhabi,United Arab Emirates,Middle East,Steel,Sit Down,2010,170.6,149.1,6561.7,0,NA,NA,NA,NA
Fujiyama,Fuji-Q Highland,Fujiyoshida,Yamanashi,Japan,Asia,Steel,Sit Down,1996,259.2,80.8,6708.7,0,229.7,3.5,65,12960
Full Throttle,Six Flags Magic Mountain,Valencia,California,United States,North America,Steel,Sit Down,2013,160,70,2200,2,NA,4,NA,5400
Furius Baco,PortAventura Park,Salou,Tarragona,Spain,Europe,Steel,Wing,2007,46,83.9,2788.8,1,NA,4.7,NA,3300
Fury 325,Carowinds,Charlotte,North Carolina,United States,North America,Steel,Sit Down,2015,325,95,6602,0,320,NA,81,NA
Gao,Greenland,Arao,Kumamoto,Japan,Asia,Steel,Sit Down,1998,131.3,60.9,5457.7,0,NA,NA,NA,14160
GateKeeper,Cedar Point,Sandusky,Ohio,United States,North America,Steel,Wing,2013,170,67,4164,6,164,NA,NA,9600
Gemini,Cedar Point,Sandusky,Ohio,United States,North America,Steel,Sit Down,1978,125.3,60,3935,0,118,NA,NA,8400
GhostRider,Knott's Berry Farm,Buena Park,California,United States,North America,Wood,Sit Down,1998,118,56,4533,0,108,3.1,51,9600
Giant Dipper,Santa Cruz Beach Boardwalk,Santa Cruz,California,United States,North America,Wood,Sit Down,1924,70,55,2640,0,65,NA,NA,6720
Giant Dipper,Belmont Park,San Diego,California,United States,North America,Wood,Sit Down,1925,73,55,2600,0,NA,NA,NA,NA
Goliath,Six Flags Magic Mountain,Valencia,California,United States,North America,Steel,Sit Down,2000,235,85,4500,0,255,NA,61,10800
Goliath,Six Flags Over Georgia,Austell,Georgia,United States,North America,Steel,Sit Down,2006,NA,70,4480,0,175,NA,NA,NA
Goliath,Six Flags Fiesta Texas,San Antonio,Texas,United States,North America,Steel,Inverted,2008,105,50,2693,5,80,NA,NA,7200
Goliath,Six Flags New England,Agawam,Massachusetts,United States,North America,Steel,Inverted,2012,191.6,65.6,1204,3,177,4.5,90,5520
Goliath,Six Flags Great America,Gurnee,Illinois,United States,North America,Wood,Sit Down,2014,165,72,3100,2,180,NA,85,NA
Goudurix,Parc Asterix,Plailly,Picardie,France,Europe,Steel,Sit Down,1989,118,56,3116.8,7,108,NA,NA,4800
Great White,SeaWorld San Antonio,San Antonio,Texas,United States,North America,Steel,Inverted,1997,108,50,2562,5,81.2,4.6,NA,7200
Green Lantern Coaster,Warner Bros. Movie World,Gold Coast,Queensland,Australia,Oceana,Steel,Sit Down,2011,108.3,41,1601.1,2,NA,NA,NA,NA
Griffon,Busch Gardens Williamsburg,Williamsburg,Virginia,United States,North America,Steel,Sit Down,2007,205,71,3108,2,NA,4,90,10800
Grizzly,California's Great America,Santa Clara,California,United States,North America,Wood,Sit Down,1986,91,55,3250,0,NA,NA,NA,9600
Hades 360,Mt. Olympus Water & Theme Park,Wisconsin Dells,Wisconsin,United States,North America,Wood,Sit Down,2005,136,60,4746,1,140,NA,65,NA
Half Pipe,Elitch Gardens,Denver,Colorado,United States,North America,Steel,Sit Down,2004,98.4,43.5,229.7,0,NA,4.5,NA,7200
Happy Angel,Wanda Theme Park,Harbin,Heilongjiang,China,Asia,Steel,Inverted,2017,NA,54.1,NA,6,NA,NA,NA,NA
HeiBe Fahrt,Wild- und Freizeitpark Klotten/Cochem,Klotten,Rhineland-Palatinate,Germany,Europe,Steel,Sit Down,2004,57.4,34.2,1745.4,0,NA,NA,46,4800
Helix,Liseberg,Gothenburg,Vastra Gotaland,Sweden,Europe,Steel,Sit Down,2014,134.5,62.1,4530.8,7,NA,4.3,NA,7800
Hydra the Revenge,Dorney Park & Wildwater Kingdom,Allentown,Pennsylvania,United States,North America,Steel,Sit Down,2005,95,53,3198,7,105,NA,68,9300
Hyper Coaster,Land of Legends Theme Park,Antalya,Antalya,Turkey,Europe,Steel,Sit Down,2018,200.2,71.5,4176.5,2,190.3,4.2,NA,NA
Hyperion,Energylandia,Zator,Malopolskie,Poland,Europe,Steel,Sit Down,2018,252.6,88.2,4757.2,1,269,4.8,85,NA
Incredible Hulk,Universal Studios Islands of Adventure,Orlando,Florida,United States,North America,Steel,Sit Down,1999,110,67,3700,7,104.9,4,NA,8100
Incredicoaster,Disney California Adventure Park,Anaheim,California,United States,North America,Steel,Sit Down,2001,120,55,6072,1,108,NA,NA,9360
Intimidator,Carowinds,Charlotte,North Carolina,United States,North America,Steel,Sit Down,2010,232,75,5316,0,211,NA,74,12780
Intimidator 305,Kings Dominion,Doswell,Virginia,United States,North America,Steel,Sit Down,2010,305,90,5100,0,300,NA,85,10800
Invertigo,Kings Island,Kings Mills,Ohio,United States,North America,Steel,Sit Down,1999,131.3,50,1013.8,3,NA,5,NA,5400
Iron Dragon,Cedar Point,Sandusky,Ohio,United States,North America,Steel,Suspended,1987,76,40,2800,0,NA,NA,NA,7200
Iron Rattler,Six Flags Fiesta Texas,San Antonio,Texas,United States,North America,Steel,Sit Down,2013,179,70,3266,1,171,NA,81,NA
iSpeed,Mirabilandia,Savio,Emilia-Romagna,Italy,Europe,Steel,Sit Down,2009,180.4,68.4,3215.2,2,NA,NA,NA,NA
Joker,Six Flags Great America,Gurnee,Illinois,United States,North America,Steel,Wing,2012,120,38,1019,5,54,NA,78,4500
Joker,Six Flags Discovery Kingdom,Vallejo,California,United States,North America,Steel,Sit Down,2016,100,53,3200,3,NA,NA,NA,NA
Journey to Atlantis,SeaWorld San Diego,San Diego,California,United States,North America,Steel,Sit Down,2004,95,42,NA,0,70,3,NA,19500
Journey to Atlantis,SeaWorld San Antonio,San Antonio,Texas,United States,North America,Steel,Sit Down,2007,100,NA,780,0,NA,NA,NA,12600
Judge Roy Scream,Six Flags Over Texas,Arlington,Texas,United States,North America,Wood,Sit Down,1980,71,45,2670,0,65,NA,NA,5400
Jungle Trailblazer,Fantawild Dreamland,Shifeng,"Zhuzhou, Hunan",China,Asia,Wood,Sit Down,2016,111.6,54.1,3989.5,0,91.8,NA,60,5400
Jupiter,Kijima Kogen,Beppu,Oita,Japan,Asia,Wood,Sit Down,1992,138,57,5249.3,0,NA,NA,45,9240
Katapul,Hopi Hari,Vinhedo,Sao Palo,Brazil,South America,Steel,Sit Down,1999,137.8,53,722,1,NA,NA,70,NA
Katun,Mirabilandia,Savio,Emilia-Romagna,Italy,Europe,Steel,Inverted,2000,164.1,64.6,3937,6,147.7,4,NA,8520
Kawazemi,Tobu Zoo Park,Minami,Saitama,Japan,Asia,Steel,Sit Down,2008,101.7,52.8,2477,0,98.4,NA,67.4,3600
Kingda Ka,Six Flags Great Adventure,Jackson,New Jersey,United States,North America,Steel,Sit Down,2005,456,128,3118,0,418,NA,90,1680
Kong,Six Flags Discovery Kingdom,Vallejo,California,United States,North America,Steel,Sit Down,1998,109.3,49.7,2260.5,5,NA,NA,NA,5760
Kraken,SeaWorld Orlando,Orlando,Florida,United States,North America,Steel,Sit Down,2000,149,65,4177,7,144,NA,NA,7320
Kumba,Busch Gardens Tampa,Tampa,Florida,United States,North America,Steel,Sit Down,1993,143,60,3978,7,135,3.8,NA,10440
Legend,Holiday World,Santa Claus,Indiana,United States,North America,Wood,Sit Down,2000,99,59,4042,0,NA,NA,NA,7200
Leviathan,Canada's Wonderland,Vaughan,Onterio,Canada,North America,Steel,Sit Down,2012,306,92,5486,0,306,NA,80,12480
Lightning Rod,Dollywood,Pigeon Forge,Tennessee,United States,North America,Wood,Sit Down,2016,207,73,3800,0,165,3.5,73,NA
Limit,Heide-Park Soltau,Soltau,Lower Saxony,Germany,Europe,Steel,Inverted,1999,109.3,49.7,2260.5,5,NA,NA,NA,5760
Magnum XL-200,Cedar Point,Sandusky,Ohio,United States,North America,Steel,Sit Down,1989,205,72,5106,0,194.7,NA,60,7200
Mako,SeaWorld Orlando,Orlando,Florida,United States,North America,Steel,Sit Down,2016,200,73,4760,0,200,NA,NA,NA
Mamba,Worlds of Fun,Kansas City,Missouri,United States,North America,Steel,Sit Down,1998,205,75,5600,0,205,3.5,NA,10800
Mammut,Erlebnispark Tripsdrill,Cleebronn,Baden Wuerttemberg,Germany,Europe,Wood,Sit Down,2008,98.4,55.9,2821.5,0,NA,NA,NA,NA
Manta,SeaWorld Orlando,Orlando,Florida,United States,North America,Steel,Flying,2009,140,56,3359,4,113,NA,NA,9300
Manta,SeaWorld San Diego,San Diego,California,United States,North America,Steel,Sit Down,2012,30,43,2800,0,54,4,NA,7200
Maverick,Cedar Point,Sandusky,Ohio,United States,North America,Steel,Sit Down,2007,105,70,4450,2,100,NA,95,9e3
Medusa,Six Flags Discovery Kingdom,Vallejo,California,United States,North America,Steel,Sit Down,2000,150,65,3937,7,150,4.5,NA,11700
Medusa Steel Coaster,Six Flags Mexico,Mexico City,Mexico City,Mexico,Central America,Steel,Sit Down,2009,98,58,3e3,3,NA,NA,NA,NA
Millennium Force,Cedar Point,Sandusky,Ohio,United States,North America,Steel,Sit Down,2000,310,93,6595,0,300,NA,80,8400
Mind Eraser,Six Flags America,Upper Marlboro,Maryland,United States,North America,Steel,Inverted,1995,109.3,49.7,2260.5,5,NA,NA,NA,5760
Mind Eraser,Elitch Gardens,Denver,Colorado,United States,North America,Steel,Inverted,1997,109.3,49.7,2260.5,5,NA,NA,NA,5760
Mine Blower,Fun Spot America,Kissimmee,Florida,United States,North America,Wood,Sit Down,2017,83,45.8,2290,1,80.5,NA,65,NA
Monster,Walygator Parc,Maizieres-les-Metz,Lorraine,France,Europe,Steel,Inverted,2010,131.3,55.9,3937,6,NA,NA,NA,8880
Montana  Rusa,La Feria Chapultpec,Mexico City,Mexico,Mexico,Central America,Wood,Sit Down,1964,110,52.8,4e3,0,NA,NA,NA,NA
Montana Rusa,Salitre Magico,Bogota,Cundinamarca,Colombia,South America,Steel,Sit Down,2000,70,NA,1250,2,NA,NA,NA,4200
Montana Rusa,VulQano Park,Quito,Pichincha,Ecuador,South America,Steel,Sit Down,2005,36.1,NA,1197.5,1,NA,NA,NA,NA
Montezooma's Revenge,Knott's Berry Farm,Buena Park,California,United States,North America,Steel,Sit Down,1978,148,55,800,1,NA,NA,NA,2160
Montezum,Hopi Hari,Vinhedo,Sao Palo,Brazil,South America,Wood,Sit Down,1999,139.1,64,3380,0,NA,NA,NA,NA
Montu,Busch Gardens Tampa,Tampa,Florida,United States,North America,Steel,Inverted,1996,150,60,3983,7,128,3.8,50,10800
MP-Xpress,Movie Park Germany,Bottrop,North Rhine-Westphali,Germany,Europe,Steel,Inverted,2001,109.3,49.7,2260.5,5,NA,NA,NA,5760
Mr. Freeze Reverse Blast,Six Flags Over Texas,Arlington,Texas,United States,North America,Steel,Sit Down,1998,218,70,1300,1,NA,NA,NA,NA
Mr. Freeze Reverse Blast,Six Flags St. Louis,Eureka,Missouri,United States,North America,Steel,Sit Down,1998,218,70,1300,1,NA,NA,NA,NA
Mystic Timbers,Kings Island,Mason,Ohio,United States,North America,Wood,Sit Down,2017,109.2,53,3265,0,98,NA,NA,7200
Nemesis,Alton Towers,Alton,"Staffordshire, England",United Kingdom,Europe,Steel,Inverted,1994,42.6,50,2349,4,104,3.5,NA,4800
Nemisis Inferno,Thorpe Park,Chertsey,"Surrey, England",United Kingdom,Europe,Steel,Inverted,2003,95.2,47.8,2460.7,4,NA,4.5,NA,6180
Nessie Superrollercoaster,Hansa Park,Sierksdorf,Schleswig-Holstein,Germany,Europe,Steel,Sit Down,1980,85.3,49.1,2431.1,1,NA,NA,NA,7800
New Revolution,Six Flags Magic Mountain,Valencia,California,United States,North America,Steel,Sit Down,1976,113,55,3457,1,NA,4.9,NA,7920
New Texas Giant,Six Flags Over Texas,Arlington,Texas,United States,North America,Steel,Sit Down,2011,153,68.6,4200,0,147,NA,79,7200
Ninja,Six Flags Magic Mountain,Valencia,California,United States,North America,Steel,Suspended,1988,60,55,2800,0,NA,NA,NA,5400
Nitro,Six Flags Great Adventure,Jackson,New Jersey,United States,North America,Steel,Sit Down,2001,230,80,5394,0,215,NA,NA,8400
Oblivion,Alton Towers,Alton,"Staffordshire, England",United Kingdom,Europe,Steel,Sit Down,1998,65,68,1222,0,180,4.5,87,4500
OCT Thrust SSC1000,Happy Valley,Hongshan,"Wuhan, Hubei",China,Asia,Steel,Sit Down,2014,196.8,83,NA,0,221.2,4.5,NA,NA
Outlaw Run,Silver Dollar City,Branson,Missouri,United States,North America,Wood,Sit Down,2013,107,68,2937,3,162,NA,81,5220
Pandemonium,Six Flags Fiesta Texas,San Antonio,Texas,United States,North America,Steel,Sit Down,2007,48,31,1351,0,NA,NA,NA,NA
Pandemonium,Six Flags Over Texas,Arlington,Texas,United States,North America,Steel,Sit Down,2008,53,31,1351,0,27,NA,NA,6660
Patriot,Worlds of Fun,Kansas City,Missouri,United States,North America,Steel,Inverted,2006,149,60,3081,4,123,NA,NA,8280
Phaethon,Gyeongju World,Gyeongju,Gyeongsangbuk-do,South Korea,Asia,Steel,Inverted,2007,147.7,55.9,3280.8,6,NA,NA,NA,8400
Phantom's Revenge,Kennywood,West Miflin,Pennsylvania,United States,North America,Steel,Sit Down,1991,160,85,3200,0,228,NA,NA,7020
Phoenix,Knoebels Amusement Park,Elysburg,Pennsylvania,United States,North America,Wood,Sit Down,1985,78,45,3200,0,72,NA,NA,7200
Piraten,Djurs Sommerland,Nimtofte,Midtjylland,Denmark,Europe,Steel,Sit Down,2008,101.7,52.8,2477,0,98.4,NA,70,3660
Poltergeist,Six Flags Fiesta Texas,San Antonio,Texas,United States,North America,Steel,Sit Down,1999,78.8,60,2705,4,NA,4.5,NA,4500
Prowler,Worlds of Fun,Kansas City,Missouri,United States,North America,Wood,Sit Down,2009,102.3,51.2,3074,0,84.9,NA,NA,9e3
Pyrenees,Parque Espana-Shima Spain Village,Shima,Mie,Japan,Asia,Steel,Inverted,1997,147.7,62.1,4048.6,6,NA,NA,NA,6780
Python in Bamboo Forest,Nanchang Wanda Theme Park,Xinjian,"Nanchang, Jiangxi",China,Asia,Wood,Sit Down,2016,164.1,62.1,5111,0,134.5,NA,NA,6e3
Quimera,La Feria Chapultpec,Mexico City,Mexico,Mexico,Central America,Steel,Sit Down,2007,111,53,3444,3,NA,4.7,NA,NA
Racer,Kings Island,Kings Mills,Ohio,United States,North America,Wood,Sit Down,1972,88,53,3415,0,NA,NA,45,7200
Raging Bull,Six Flags Great America,Gurnee,Illinois,United States,North America,Steel,Sit Down,1999,202,73,5057,0,208,NA,65,9e3
RailBlazer,California's Great America,Santa Clara,California,United States,North America,Steel,Sit Down,2018,106,52,1800,3,NA,NA,90,NA
Ranier Rush,Puyallup Fair,Puyallup,Washington,United States,North America,Steel,Sit Down,2013,63,45,1775,1,NA,NA,NA,NA
Raptor,Cedar Point,Sandusky,Ohio,United States,North America,Steel,Inverted,1994,137,57,3790,6,119,NA,45,8160
Raptor,Fantasilandia,Santiago,Metropolitan Region,Chile,South America,Steel,Inverted,2008,109.3,49.7,2260.5,5,NA,NA,NA,5760
Raven,Holiday World,Santa Claus,Indiana,United States,North America,Wood,Sit Down,1995,80,48,2800,0,NA,NA,NA,5400
Ravine Flyer II,Waldameer,Erie,Pennsylvania,United States,North America,Wood,Sit Down,2008,80,57,2900,0,118,NA,60,5400
Red Force,Ferrari Land,Salou,Tarragona,Spain,Europe,Steel,Sit Down,2017,367.3,111.8,2887.2,0,NA,NA,90,NA
Renegade,Valleyfair!,Shakopee,Minnesota,United States,North America,Wood,Sit Down,2007,97.5,51.3,3113,0,91.4,NA,NA,7200
Revenge of the Mummy the Ride,Universal Studios Hollywood,Universal City,California,United States,North America,Steel,Sit Down,2004,44.4,40,1906,0,NA,NA,50,7200
Riddler Revenge,Six Flags New England,Agawam,Massachusetts,United States,North America,Steel,Inverted,1997,109.3,49.7,2260.5,5,NA,NA,NA,5760
Riddler's Revenge,Six Flags Magic Mountain,Valencia,California,United States,North America,Steel,Stand Up,1998,156,65,4370,6,146,4.2,NA,10800
Ride of Steel,Darien Lake,Darien Center,New York,United States,North America,Steel,Sit Down,1999,208,73,5400,0,205,NA,68,7320
Road Runner Express,Six Flags Fiesta Texas,San Antonio,Texas,United States,North America,Steel,Sit Down,1997,73,35,2400,0,67,NA,NA,8640
Rock 'n' Roller Coaster,Disneyland Paris - Walt Disney Studios Park,Marne la Vallee,Ile-de-France,France,Europe,Steel,Sit Down,2002,80,57,3403,3,NA,5,NA,4200
Rougarou,Cedar Point,Sandusky,Ohio,United States,North America,Steel,Sit Down,1996,145,60,3900,4,137,NA,52,9600
Saw - The Ride,Thorpe Park,Chertsey,"Surrey, England",United Kingdom,Europe,Steel,Sit Down,2009,100,55,2362,3,NA,NA,100,6e3
Schwur des Kärnan,Hansa Park,Sierksdorf,Schleswig-Holstein,Germany,Europe,Steel,Sit Down,2015,239.5,78.9,4051.8,1,219.8,NA,NA,NA
Scream!,Six Flags Magic Mountain,Valencia,California,United States,North America,Steel,Sit Down,2003,150,63,3985,7,141,NA,NA,10800
Screamer,Scandia Amusement Park,Ontario,California,United States,North America,Steel,Sit Down,1995,90,50,2600,0,80,NA,NA,6960
Shambhala,PortAventura Park,Salou,Tarragona,Spain,Europe,Steel,Sit Down,2012,249.3,83.3,5131.3,0,255.9,3.8,NA,10800
Shock Wave,Six Flags Over Texas,Arlington,Texas,United States,North America,Steel,Sit Down,1978,116,60,3600,2,NA,NA,NA,7200
Sidewinder,Elitch Gardens,Denver,Colorado,United States,North America,Steel,Sit Down,1995,56,45,635,1,NA,4,NA,3960
Silver Bullet,Knott's Berry Farm,Buena Park,California,United States,North America,Steel,Inverted,2004,146,55,3125,6,109,NA,NA,9e3
Silver Star,Europa Park,Rust,Baden Wuerttemberg,Germany,Europe,Steel,Sit Down,2002,239.5,78.9,5315,0,219.8,4,68.5,14400
Sky Scream,Holiday Park,Hassloch,Rhineland-Palatinate,Germany,Europe,Steel,Sit Down,2014,150,62,863,1,NA,NA,90,3600
Sky Wheel,Skyline Park,Bad Worishofen,Bavaria,Germany,Europe,Steel,Sit Down,2004,151.6,65.3,492.2,2,NA,5,NA,3e3
Skyrush,Hersheypark,Hershey,Pennsylvania,United States,North America,Steel,Sit Down,2012,200,75,3600,0,NA,NA,85,NA
Smiler,Alton Towers,Alton,"Staffordshire, England",United Kingdom,Europe,Steel,Sit Down,2013,72.2,52.8,3838.6,14,98.4,4.5,50,9900
Snow Mountain Flying Dragon,Happy Valley,Nanshan,"Shenzhen, Guanagdong",China,Asia,Steel,Inverted,2002,117.8,54.9,2202.8,4,111.8,4.7,NA,5520
Soaring Dragon & Dancing Phoenix,Nanchang Wanda Theme Park,Xinjian,"Nanchang, Jiangxi",China,Asia,Steel,Inverted,2016,196.8,84,4192,6,NA,NA,NA,NA
Soaring with Dragon,Hefei Wanda Theme Park,Baohe,"Hefei, Anjui",China,Asia,Steel,Sit Down,2016,196.8,77.7,3438.3,1,NA,NA,NA,9900
Spatiale Experience,Nigloland,Dolancourt,Champagne-Ardenne,France,Europe,Steel,Sit Down,2000,65.6,37.3,2624.7,0,NA,4.5,NA,8100
SpeedSnake FREE,Fort Fun Abenteuerland,Wasserfall,North Rhine-Westphalia,Germany,Europe,Steel,Sit Down,1982,64,37.3,1148.3,2,NA,NA,NA,3600
Stampida,PortAventura Park,Salou,Tarragona,Spain,Europe,Wood,Sit Down,1997,84,46,3127,0,NA,NA,NA,6e3
Star Mountain,Beto Carrero World,Penha,Santa Catarina,Brazil,South America,Steel,Sit Down,1993,75,40,2400,2,NA,NA,NA,NA
Star Wars Hyperspace Mountain: Rebel Mission,Disneyland Resort Paris - Disneyland Park,Marne la Vallee,Ile-de-France,France,Europe,Steel,Sit Down,1995,105,44,3281,3,NA,NA,NA,7500
Stealth,Thorpe Park,Chertsey,"Surrey, England",United Kingdom,Europe,Steel,Sit Down,2006,205.1,80,1312.3,0,NA,NA,90,NA
Steel Dragon 2000,Nagashima Spa Land,Nagashima,"Kuwana,, Mie",Japan,Asia,Steel,Sit Down,2000,318.3,95,8133.2,0,306.8,NA,NA,14400
Steel Eel,SeaWorld San Antonio,San Antonio,Texas,United States,North America,Steel,Sit Down,1999,150,65,3700,0,150,3.5,60,6e3
Steel Force,Dorney Park & Wildwater Kingdom,Allentown,Pennsylvania,United States,North America,Steel,Sit Down,1997,200,75,5600,0,205,NA,NA,10800
Steel Vengeance,Cedar Point,Sandusky,Ohio,United States,North America,Steel,Sit Down,2018,205,74,5740,4,200,NA,90,9e3
Steel Venom,Valleyfair!,Shakopee,Minnesota,United States,North America,Steel,Inverted,2003,185,68,630,0,175,NA,90,NA
Storm Chaser,Kentucky Kingdom,Louisville,Kentucky,United States,North America,Steel,Sit Down,2016,100,52,2744,3,NA,3.8,78,6e3
Storm Runner,Hersheypark,Hershey,Pennsylvania,United States,North America,Steel,Sit Down,2004,150,75,2600,3,180,NA,90,3e3
Stunt Fall,Parque Warner Madrid,San Martin de la Vega,Madrid,Spain,Europe,Steel,Inverted,2002,191,65.6,1204,3,177,4.5,90,5520
Super Tornado,Zoo Safari- und Hollywoodpark Stukenbrock,Stukenbrock,North Rhine-Westphalia,Germany,Europe,Steel,Sit Down,1981,64,37.3,1148.3,2,NA,NA,NA,NA
Superman - Ride Of Steel,Six Flags America,Upper Marlboro,Maryland,United States,North America,Steel,Sit Down,2000,197,73,5350,0,205,NA,68,7800
Superman - Ultimate Flight,Six Flags Great America,Gurnee,Illinois,United States,North America,Steel,Flying,2003,106,51,2798,2,100,NA,NA,10800
Superman / la Atracción de Acero,Parque Warner Madrid,San Martin de la Vega,Madrid,Spain,Europe,Steel,Sit Down,2002,164.1,62.1,3608.9,7,NA,NA,NA,8760
Superman el Último Escape,Six Flags Mexico,Mexico City,Mexico City,Mexico,Central America,Steel,Sit Down,2004,219.8,74.6,5577.4,0,205,NA,NA,11040
Superman Krypton Coaster,Six Flags Fiesta Texas,San Antonio,Texas,United States,North America,Steel,Sit Down,2000,168,70,4015,6,NA,NA,NA,9300
Superman the Ride,Six Flags New England,Agawam,Massachusetts,United States,North America,Steel,Sit Down,2000,208,77,5400,0,221,NA,NA,9300
Superman: Escape from Krypton,Six Flags Magic Mountain,Valencia,California,United States,North America,Steel,Sit Down,1997,415,100,1235,0,328.1,4.5,NA,1680
Swarm,Thorpe Park,Chertsey,"Surrey, England",United Kingdom,Europe,Steel,Wing,2012,127,57,2543,5,NA,4.5,NA,5100
T Express,Everland,Yongin-si,Gyeonggi-do,South Korea,Asia,Wood,Sit Down,2008,183.8,64.6,5383.8,0,150.9,NA,77,NA
Takabisha,Fuji-Q Highland,Fujiyoshida,Yamanashi,Japan,Asia,Steel,Sit Down,2011,141,62.1,3280.8,7,NA,NA,121,6720
Talon,Dorney Park & Wildwater Kingdom,Allentown,Pennsylvania,United States,North America,Steel,Inverted,2001,135,58,3110,4,120,NA,50,NA
Taron,Phantasialand,Bruhl,North Rhine-Westphalia,Germany,Europe,Steel,Sit Down,2016,98.4,72.7,4330.8,0,NA,NA,NA,NA
Tatsu,Six Flags Magic Mountain,Valencia,California,United States,North America,Steel,Flying,2006,170,62,3602,4,111,NA,NA,NA
Taunusblitz,Taunus Wunderland,Schlangenbad,Hesse,Germany,Europe,Steel,Sit Down,1999,45.9,28,1213.9,0,NA,NA,NA,6600
Temple of the Night Hawk,Phantasialand,Bruhl,North Rhine-Westphalia,Germany,Europe,Steel,Sit Down,1988,38.4,28.9,3851.7,0,NA,NA,NA,14400
Terminator Salvation: The Coaster,Six Flags Magic Mountain,Valencia,California,United States,North America,Steel,Wood,2009,29,81,876.9,0,NA,NA,NA,10800
Texas Tornado,Wonderland Amusement Park,Amarillo,Texas,United States,North America,Steel,Sit Down,1985,80,65,2050,2,80,NA,NA,NA
Thunder Dolphin,Tokyo Dome City,Bunkyo,Tokyo,Japan,Asia,Steel,Sit Down,2003,262.5,80.8,3500,0,218.2,NA,80,5400
Timber Drop,Fraispertuis City,Jeanmenil,Lorraine,France,Europe,Steel,Sit Down,2011,96,41,NA,2,NA,NA,113,4800
Timber Wolf,Worlds of Fun,Kansas City,Missouri,United States,North America,Wood,Sit Down,1989,100,53,4230,0,95,2.8,NA,7980
Timberhawk: Ride of Prey,Wild Waves Theme Park,Federal Way,Washington,United States,North America,Wood,Sit Down,2003,75,50,2600,0,NA,NA,NA,NA
Time Traveler,Silver Dollar City,Branson,Missouri,United States,North America,Steel,Sit Down,2008,100,50.3,3020,3,90,NA,90,7020
Titan,Six Flags Over Texas,Arlington,Texas,United States,North America,Steel,Sit Down,2001,245,85,5312,0,255,NA,NA,12600
Titan Cascabel,Selva Magica,Guadalajara,Jalisco,Mexico,Central America,Steel,Sit Down,1994,75,55,2500,0,NA,NA,NA,NA
Tonnerre de Zeus,Parc Asterix,Plailly,Picardie,France,Europe,Wood,Sit Down,1997,98,52,4044,0,NA,NA,NA,7500
Top Thrill Dragster,Cedar Point,Sandusky,Ohio,United States,North America,Steel,Sit Down,2003,420,120,2800,0,400,NA,90,1800
Tornado,Bosque Magico,Guadalupe,Nuevo Leon,Mexico,Central America,Steel,Sit Down,2001,64,37.3,1148.3,2,NA,NA,NA,NA
Tower of Terror II,Dreamworld,Coomera,Queensland,Australia,Oceana,Steel,Sit Down,1997,377.3,100,1235,0,328.1,4.5,90,1680
Twisted Colossus,Six Flags Magic Mountain,Valencia,California,United States,North America,Steel,Sit Down,2015,121,57,4990,2,128,NA,80,13200
Twister II,Elitch Gardens,Denver,Colorado,United States,North America,Wood,Sit Down,1995,100,55,4640,0,NA,3.1,NA,NA
Ultimate,Lightwater Valley,Ripn,"North Yorkshire, England",United Kingdom,Europe,Steel,Sit Down,1991,107,50,7442,0,NA,NA,NA,NA
V2: Vertical Velocity,Six Flags Discovery Kingdom,Vallejo,California,United States,North America,Steel,Sit Down,2001,150,65,630,0,NA,NA,NA,NA
Valravn,Cedar Point,Sandusky,Ohio,United States,North America,Steel,Sit Down,2016,223,75,3415,3,214,NA,90,NA
Velikolukskiy Myasokombinat,Wonder Island,Saint Petersburg,Saint Petersburg,Russia,Europe,Steel,Sit Down,2015,124,62.1,3464,4,NA,3.8,NA,9e3
Velikolukskiy Myasokombinat-2,Wonder Island,Saint Petersburg,Saint Petersburg,Russia,Europe,Steel,Sit Down,2017,108,52.8,2870,10,NA,NA,NA,NA
Vertical Velocity,Six Flags Great America,Gurnee,Illinois,United States,North America,Steel,Inverted,2001,185,70,630,0,NA,NA,NA,NA
Viper,Six Flags Magic Mountain,Valencia,California,United States,North America,Steel,Sit Down,1990,188,70,3830,7,171,NA,NA,9e3
Viper,Six Flags Great America,Gurnee,Illinois,United States,North America,Wood,Sit Down,1995,100,50,3458,0,80,NA,53,6300
Vortex,Kings Island,Kings Mills,Ohio,United States,North America,Steel,Sit Down,1987,148,55,3800,6,138,NA,55,9e3
Voyage,Holiday World,Santa Clause,Indiana,United States,North America,Wood,Sit Down,2006,159,67,6442,0,154,NA,66,9900
Whirl Wind Looping Coaster,Wonder Island,Saint Petersburg,Saint Petersburg,Russia,Russia,Steel,Sit Down,2003,64,37.3,1148,2,NA,NA,NA,NA
Whizzer,Six Flags Great America,Gurnee,Illinois,United States,North America,Steel,Sit Down,1976,70,42,3100,0,64,NA,NA,7200
Wicked Cyclone,Six Flags New England,Agawam,Massachusetts,United States,North America,Steel,Sit Down,2015,109,55,3320,3,NA,NA,78,NA
Wicked Twister,Cedar Point,Sandusky,Ohio,United States,North America,Steel,Inverted,2002,215,72,215,0,206,NA,90,NA
Wild One,Six Flags America,Upper Marlboro,Maryland,United States,North America,Wood,Sit Down,1986,98,53,4e3,0,88,NA,NA,6720
Wild Thing,Valleyfair!,Shakopee,Minnesota,United States,North America,Steel,Sit Down,1996,207,74,5460,0,196,NA,NA,10800
Wild Thing,Wild Waves Theme Park,Federal Way,Washington,United States,North America,Steel,Sit Down,1997,75,40,1565,3,64,NA,NA,3600
Wildfire,Kolmarden,Norrkoping,Ostergotland,Sweden,Europe,Wood,Sit Down,2016,183.8,71.5,4150.3,3,160.8,4,83,7200
Winjas,Phantasialand,Bruhl,North Rhine-Westphalia,Germany,Europe,Steel,Sit Down,2002,57.1,41,1526.6,0,52.5,NA,NA,NA
Wodan Timbur Coaster,Europa Park,Rust,Baden Wuerttemberg,Germany,Europe,Wood,Sit Down,2012,131.3,62.1,3444.9,0,NA,3.5,NA,12300
X2,Six Flags Magic Mountain,Valencia,California,United States,North America,Steel,Wing,2002,175,76,3610,2,215,4,88.5,NA
Xcelerator,Knott's Berry Farm,Buena Park,California,United States,North America,Steel,Sit Down,2002,145.3,63.2,3278.6,0,NA,NA,90,3720
NA,NA,NA,NA,NA,NA,NA,NA,NA,NA,NA,NA,NA,NA,NA,NA,NA
NA,NA,NA,NA,NA,NA,NA,NA,NA,NA,NA,NA,NA,NA,NA,NA,NA
NA,NA,NA,NA,NA,NA,NA,NA,NA,NA,NA,NA,NA,NA,NA,NA,NA
NA,NA,NA,NA,NA,NA,NA,NA,NA,NA,NA,NA,NA,NA,NA,NA,NA
NA,NA,NA,NA,NA,NA,NA,NA,NA,NA,NA,NA,NA,NA,NA,NA,NA
